product|catalogue
P7Z5UA8DN34QG6W|SUMMER15
V5S4MA8DW44OO5H|WINTER14
U1J1KG7OX82GL9D|WINTER14
E4S5UK7AT25JT3V|FALL14
B8M6GJ4JX48ZL1N|FALL14
J7W5PI2IQ29CQ6K|SPRING15
P7U9SC8LS51TM5B|SPRING15
S8K3AH9GH16FQ1B|SPRING15
M1C2LQ7IC97XH1J|SPRING15
V7O5CB9FK19MY5I|SPRING15
K7H6YU6MY83IR2P|FALL14
X6D4RB3RD94LK7M|FALL14
X6M7VR9BC86QI4I|FALL14
B9J6UW1CL62US9Q|WINTER14
Z4Y4QU7LK51XW9O|FALL14
R9I9NN9IX78DN1H|WINTER14
S7G8CJ6HF35JH6I|FALL14
Z3J5CA9DQ52KX4A|FALL14
N6D3OS1NR34ZS5G|FALL14
N5A3IZ5HM46SL2R|WINTER14
B6Q9WL6CY62BL9L|WINTER14
C7Y8AL6EM58VR9N|FALL14
A1F8IW6GZ17ZF8P|SUMMER15
G6P6LT5DY21LJ4Z|SUMMER15
M7I7WB5GP37JV9O|WINTER14
B8P7YP8BI96TM2Z|FALL14
V6F6IN5PE19QU7Z|SUMMER15
O5W3VU3FU43EQ5K|SPRING15
A1D4EX3JN73XJ3X|WINTER14
B4R4UY8NJ29XH7P|SUMMER15
D1B2VY1ST23EO2E|SPRING15
J5Y9FA3FJ19VH4P|FALL14
P7E3TS6NK59MF4A|FALL14
U8C9JL8MD54DH7Q|WINTER14
U4P3YK6SD74JV7T|SPRING15
B8U4MY5CH68VC8P|SUMMER15
W5E4GN1IY55XE1T|WINTER14
W5W4CZ4KJ78YM6G|SPRING15
W4W5VI4DM32SB8B|SPRING15
J4Q7PK4NG95BZ3Z|WINTER14
D3S5XG1MD82FZ6J|SPRING15
F2D1DR4HI48SS7F|SUMMER15
U2N3BU7UL14NU8V|SUMMER15
V9T4WF5AI71RD7D|SUMMER15
E8Y5BU4UV39VP3F|SUMMER15
Y6Z3MU5YI89PI1K|FALL14
A2Y5MM6TO21EJ2V|SPRING15
K8V1EZ4BM65BE6Y|SPRING15
J7W6PI5EK63OI3E|WINTER14
L7Z2EO6GC89CF1Y|SUMMER15
L5I3FF2WX11GN7Z|SPRING15
X6T3CS7EI67SH5V|SUMMER15
E1C6HX5DS19AV4A|SUMMER15
R8X7NC8BG87OQ8K|SPRING15
T4O8AJ1FX74PF3K|FALL14
H8H2NJ3SN26GW3M|SUMMER15
G4P8ER2KZ96IG4W|SPRING15
M4Y4MD5EU22DD4O|FALL14
X6R1LE7EK91CI9U|SPRING15
V4X8DX7KE46CC3X|SUMMER15
R6M4CD2NG85BL7I|SPRING15
S7G3NA1VR23AH9Y|SPRING15
P5C2WL5TA91LB4E|SUMMER15
J3E9WS4UK99CO6M|WINTER14
B6N6BH3UZ86UJ8V|FALL14
C9C5EU5PO38JY3G|WINTER14
H7Q6BT2EI79US4J|WINTER14
M1I9PV9KK41YW2T|SUMMER15
Q1R3PN3CN73VX3O|FALL14
P9G4AZ6TY74PT8X|FALL14
R6V9TL9UL84LD7A|FALL14
J1Q1MV7XI98QR7A|WINTER14
D6O7EA8OP25NX8G|SUMMER15
U6E7DP7IY23EB6A|SPRING15
E5D5CE6VP99TI6H|FALL14
D2U6KA8AU79UN3V|FALL14
E7U4MF1VH54KM9K|FALL14
L1P5XS4MJ24RM9Y|FALL14
O2Q9ZO1VY25UJ1V|WINTER14
D2T9AC4HW87XW6M|FALL14
R3A5RB8NO94EE8B|SUMMER15
F5A7WM3WH66XC5D|WINTER14
M4M2GS3FC43JE4Z|SPRING15
Z5O3QJ1QI14EE6P|FALL14
D7B4XO8UQ47PK2I|SPRING15
J8M1JF7XB95CO6E|SUMMER15
G7Z5VK6GM75UW9D|FALL14
B6S8GT6UW18AZ7D|SUMMER15
Z8N2LH8QB76VA8M|SPRING15
M6M4FY1FU31XW9Z|SUMMER15
F2E3MI3XY59NM9E|SUMMER15
U1V6XX5NZ86AZ9R|SUMMER15
Z1U8UQ5DH21SL5N|SPRING15
Q2G6ZY2CJ89BM6T|SUMMER15
E7L3PR9IY84QJ5B|WINTER14
F7W9HE2FA49JH1A|FALL14
K5C4WR4TD73AX7X|SUMMER15
M4V2YU4RP37AB3G|WINTER14
O9G4RF2NW99ZA4W|SUMMER15
E6E5JN3PS94NL2B|WINTER14